{
    "code": 0,
    "data": [
        [4.466715672, 0, 16777215, "DIYgod", "okok"],
        [139.863812, 0, 16777215, "DIYgod", "hah"],
        [217.03933, 0, 16777215, "DIYgod", "1111"],
        [20.391039935, 0, 16777215, "DIYgod", "okokoko"],
        [7.289332, 0, 16777215, "DIYgod", "cessssss"],
        [2.76, 0, 16777215, "DIYgod", "111"],
        [14.46444, 0, 16777215, "DIYgod", "67689"],
        [24.533616, 0, 16777215, "DIYgod", "1235"],
        [41.728014, 0, 16777215, "DIYgod", "123dfg"],
        [78.122112, 0, 16777215, "DIYgod", "弹幕在哪里"],
        [0, 0, 16777215, "DIYgod", "666"],
        [3.70026, 0, 16777215, "DIYgod", "2333333"],
        [92.59985, 0, 16777215, "DIYgod", "sdfgsd个"],
        [12.086428, 0, 16777215, "DIYgod", "啥都看佛安排的客服破"],
        [52.42736, 0, 16777215, "DIYgod", "141111"],
        [97.21011, 0, 16777215, "DIYgod", "公园已经发给，"],
        [98.530444, 0, 16777215, "DIYgod", "一体同意让他一人送"],
        [16.363399216, 0, 16777215, "DIYgod", "hahah"]
    ]
}